n,cx,cxstd,depth,depthstd
5,3.2,0.8944271909999161,8.45,2.0124611797498106
10,13.25,1.5852942612451615,19.6,2.8727393858384316
15,28.55,1.7312909694943344,29.2,3.764096312879306
20,47.2,1.9084300519426678,41.25,5.485627153130068
25,72.25,2.510504247944498,52.8,6.245840721295211
